"Phần","Nhóm","Mục tiêu/Đầu việc","Trạng thái","Mức độ/Điểm","Giá trị/Kết luận","Bằng chứng/Ghi chú"
"Thông tin chung","Tháng báo cáo","Tháng 7/2026","Thông tin","-","Báo cáo điều hành cho CEO về network content/SEO/UI-UX, headless ops, tooling nội bộ và Coincu data-driven rebuild","Nguồn tổng hợp từ rà soát toàn bộ git commit 2026-07-01 đến 2026-07-31 trên hệ thống /Users/admin — 29 repos có activity, ~571 commits"
"Thông tin chung","Phạm vi triển khai","Hệ thống 14 websites + 3 dự án mới","Thông tin","14 sites + 3 projects","Ngoài 14 site network, tháng 7 mở 3 dự án lớn mới: Coincu rebuild data-driven (Next.js 14), Wikilisticle (quản lý order PR/listicle), CryptoWiki (wiki aggregator)","Coincu; Kanalcoin; Tokentopnews; Bitcoininfonews; Theccpress; Aicryptocore; Coinwy; Marketbit; Coinlineup; Coinlive; Defiliban; NFTenex; Trustscrypto; Cryptodailyalert + Coincu Rebuild + Wikilisticle + CryptoWiki"
"Executive Summary","Kết luận ngắn","Tháng 7 là tháng bận nhất từ đầu năm: content production quy mô lớn, Coincu rebuild data-driven, Wikilisticle ops tool và performance hardening toàn network đồng thời","Đánh giá","8.5/10","Ba trục lớn chạy song song — Authority Building (253 commits), Coincu rebuild (22 commits khởi động nền), Wikilisticle (70 commits) — cộng với RAM fix 9 sites và review pipeline mới","Không overclaim traffic hoặc revenue; báo cáo căn cứ git commit thực tế và file output đã lưu"
"Executive Summary","Trọng tâm tháng 7","Content authority production, Coincu data-driven rebuild, ops tooling nội bộ, performance Next.js, review workflow","Xác nhận","-","5 trục công việc chính, trong đó Coincu rebuild là dự án chiến lược dài hạn lớn nhất được khởi động trong tháng","Bao phủ content, kiến trúc sản phẩm, data, kỹ thuật và vận hành"
"Kết quả nổi bật","Coincu rebuild — data-driven Next.js 14","Khởi động rebuild toàn bộ Coincu.com theo kiến trúc data-driven: Next.js 14 App Router, entity-based URL structure, 60+ routes, 4-phase implementation plan, CoinGecko API layer, JSON-LD schema trên mọi page type","Một phần — Phase 1","75%","Đây là dự án chiến lược lớn nhất tháng 7: không còn là WordPress monolith mà chuyển sang headless data-driven với entity architecture rõ ràng và data thật thay vì placeholder","Scaffold Next.js 14 Jul 29 với toàn bộ route: /coins, /news, /markets, /companies, /people, /glossary, /jurisdiction, /products (dapps/exchanges/wallets/tools), /reviews, /scams, /learn, /predictions, /press-release, /research; IMPLEMENTATION-PLAN.md 4 phases; entity sitemap rewrite; CoinGecko fetch layer với caching strategy"
"Kết quả nổi bật","Coincu rebuild — data seeding layer","Seed đầy đủ 8 loại entity data: 102 glossary terms (crawl + paraphrase từ CMC/CoinGecko/Investopedia), 10+ jurisdictions với regulatory profile thật (GENIUS Act/IRS/SEC/CFTC cho US), 289+ companies với logo, 289 dApps từ Alchemy, 107 people data; crawl scripts cho people và companies","Hoàn thành","88%","Data layer đã có đủ nền để build trang thật; không còn placeholder — từng file glossary, jurisdiction, company đều có nội dung đủ dài và nguồn rõ","companyList.json: 289 companies; 102 glossary JSON files từ src/data/glossary; 10 jurisdiction files (AU/CA/EU/HK/ID/JP/MY/PH/KR/GB); crawl-people.mjs + crawl-companies.mjs; flag emoji fix Jul 31"
"Kết quả nổi bật","Authority Building — content production network","Sản xuất và xuất bản bài hàng loạt cho 6 sites: Coinwy, Kanalcoin, DeFiLiban, CCpress, MarketBit, TokenTopNews; kèm thumbnails, screenshots, internal links và EEAT","Hoàn thành","90%","Đây là đợt content production có quy mô lớn nhất từ đầu năm; 253 commits trong 16 ngày (Jul 16-31), pipeline đã chuẩn hóa và tái sử dụng được","Swapzone batch 20 articles (Coinwy/Kanalcoin/DeFiLiban), casino/crypto-AI research batch, 40+ article outlines trên 4 site mới, toàn bộ bài có first-mention hyperlinks và screenshots"
"Kết quả nổi bật","Authority Building — EEAT và media production","Bổ sung thumbnail, ảnh editorial, live screenshots, official hyperlinks và Reddit E-E-A-T data vào toàn bộ batch bài","Hoàn thành","88%","Từng bài đều có bằng chứng media và hyperlink nguồn; không còn bài trắng nguồn hoặc trắng ảnh","44 editorial images cho Coinwy/Kanalcoin/CCpress; screenshots regulator review Jul 21; AUSTRAC virtual asset registration; Reddit-anchor style guide"
"Kết quả nổi bật","Wikilisticle — hệ thống quản lý order nội bộ","Xây từ đầu hệ thống quản lý bài PR/listicle: order management, role-based access (admin/editor/sales/BD), notification + @mention, Telegram alerts, Binance Square section, dark mode, mobile responsive, per-user pricing, pretty URL slugs","Hoàn thành","92%","Wikilisticle lần đầu tạo được ops tool có thể dùng thật cho team; không còn phụ thuộc vào sheet thủ công để theo dõi pipeline PR","70 commits trong 6 ngày (Jul 23-28); bao phủ toàn bộ workflow từ nhận order đến giao bài và ghi nhận doanh thu theo site"
"Kết quả nổi bật","Next.js performance — RAM fix đồng loạt 9 sites","Deploy dynamicIO + cache directives đồng loạt trên 9 site trong cùng ngày 27/7 để chặn unbounded RAM growth","Hoàn thành","95%","Giải quyết điểm nghẽn hạ tầng: trước đó Next.js data cache không bị TTL chặn, gây server RAM leo thang kéo dài","Sites đã fix: Coinlive, Coinlineup, Aicryptocore, Bitcoininfonews, Coinwy, Defiliban, Kanalcoin, Marketbit, Theccpress, Trustscrypto, TTN; tất cả deploy cùng Jul 27"
"Kết quả nổi bật","Coinlive — sitemap overhaul và performance","Viết lại toàn bộ sitemap system: index tại /sitemap-index.xml, pagination qua generateSitemaps, full-archive fetch defensive + sequential; kèm dynamicIO fix","Hoàn thành","90%","Sitemap trước đó không có index chuẩn và full-archive fetch không kiểm soát được timeout; sau fix đã ổn định","32 commits (Jun 30 - Jul 27); bao gồm image host whitelist cho next/image"
"Kết quả nổi bật","Coincu Design — UI redesign frontend","Rebuild UI prototype: real human author photos, Breaking News ticker với pause-on-hover, DiceBear avatar fallback, sửa article/category/home layout","Hoàn thành","85%","Coincu design prototype phục vụ làm reference cho rebuild; đã chuyển sang người thật cho author thay vì cartoon","55 commits (Jul 9-29); bao phủ ArticlePage, AuthorPage, CategoryPage, HomePage"
"Kết quả nổi bật","CryptoWiki — dự án mới","Khởi động CryptoWiki: RSS feed scraper (rss.app), CMC profile scraper, article SQL endpoints; kèm design spec","Một phần","70%","Backend đọc RSS từ 6 site + CMC, endpoint bài viết và design spec rõ; chưa lên production","29 commits (Jul 23-24); RSS + scraper hoạt động"
"Kết quả nổi bật","Audit token scan tool — audit-version-2","Hoàn thiện công cụ scan token: Solana/Dextools address support, launch report template, resources scan flow","Hoàn thành","88%","Tool xử lý được địa chỉ contract từ nhiều nguồn và render report theo template chuẩn","47 commits tập trung trong 4 ngày Jul 7-10"
"Kết quả nổi bật","Crypto-scraper — dApps + banks dataset","Crawl toàn bộ 3.198 dApps từ Alchemy, lọc 298 dApp real có logo; build dataset banks.json từ Wikipedia với logo; dữ liệu này feed trực tiếp vào Coincu rebuild","Hoàn thành","90%","Dataset dApp và ngân hàng dùng thật, không placeholder; đã import vào coincu/src/data","15 commits ngày Jul 30; logo download đầy đủ"
"Kết quả nổi bật","Review workflow — review-by-user-content","Build pipeline viết bài review dùng data Trustpilot + Reddit thật: scrape live, first-person test, verdict table, FAQ, natural-anchor hyperlinks","Hoàn thành","85%","Lần đầu có workflow viết review không dùng data bịa; pilot SwapSpace (775 Trustpilot reviews thật)","6 commits (Jul 30-31); output đủ verdict table, comparison, FAQ, author byline"
"Kết quả nổi bật","Volume Checker + Crypto Rank Agent","Volume Checker: thêm Binance Volume Profile (POC/VAH/VAL); Crypto Rank Agent: pipeline CoinGecko + SerpAPI + Postgres + Telegram","Hoàn thành","80%","Mở thêm năng lực phân tích và automation cho team research","volume-checker-viet: 4 commits Jul 13-14; crypto-rank-agent: 1 commit Jul 24"
"Kết quả nổi bật","TTN và các author fixes","Fix author page static fallback, author slug routing Coinwy, Person schema và TTN author WP IDs","Hoàn thành","85%","Đóng backlog author trust còn sót từ tháng 6; các page author đã trả đúng schema và đúng WP ID","check-technical-after-nextjs: 5 commits; ttn-nextjs-src: 3 commits; kết hợp với Kanalcoin breadcrumb fix"
"Đánh giá","Đã làm được","Khởi động Coincu rebuild data-driven với nền vững; content production quy mô lớn; Wikilisticle ops tool hoàn chỉnh; performance network ổn định hơn","Xác nhận","-","Tháng 7 vừa xây được tool nội bộ dùng thật (Wikilisticle), vừa khởi động được dự án chiến lược dài hạn lớn nhất từ trước đến nay (Coincu rebuild), vừa duy trì velocity content production cao nhất từ đầu năm","Volume commit cao nhất từ đầu năm; Coincu rebuild có đủ architecture, plan và data seed để tiếp tục Phase 2 ngay trong tháng 8"
"Đánh giá","Chưa làm được / chưa đủ bằng chứng","Coincu rebuild chưa có API layer live và chưa lên production; CryptoWiki chưa cutover; chưa validate RAM fix bằng server metric thực tế","Chưa đạt","-","Coincu rebuild đang ở Phase 1 (scaffold + data seed); Phase 2 (CoinGecko API + /coins/[slug] + /news routes) chưa bắt đầu; CryptoWiki mới có backend chưa có frontend; RAM fix deploy xong nhưng chưa đo kết quả","Không claim Coincu rebuild hoàn tất cho đến khi có live URL với data thật và sitemap được Google crawl"
"Đánh giá","Rủi ro chính","Coincu rebuild là dự án 4-phase dài hơi — nếu không giữ velocity Phase 2 ngay trong tháng 8 thì Phase 1 sẽ bị stale và data seed mất tính freshness","Mở","Cao","Mỗi tháng delay là một tháng data cũ hơn và một tháng domain Coincu.com không được hưởng lợi từ kiến trúc mới; cần chốt Phase 2 deliverable rõ trước cuối tháng 8","Rủi ro thứ hai: Wikilisticle chưa được test thật với team sales; nếu không onboard sớm thì tool sẽ drift khỏi nhu cầu thực tế"
"Kế hoạch tháng 8","Ưu tiên 1","Coincu rebuild Phase 2 — CoinGecko API layer + /coins/[slug] + /news routes live","Kế hoạch","Critical","Phase 2 là bước biến scaffold thành product thật: fetch data live từ CoinGecko, render trang coin detail và news với data thật, có JSON-LD schema và sitemap động","Deliverable: ít nhất /coins/[slug] và /news/[slug] trả data thật; CoinGecko fetch layer với revalidate đúng; generateStaticParams cho top 100 coins"
"Kế hoạch tháng 8","Ưu tiên 2","Validate kết quả RAM fix — đo server metric thực tế","Kế hoạch","High","Deploy dynamicIO đã xong nhưng chưa có bằng chứng RAM ổn định; cần monitor để xác nhận fix đang giữ","Mục tiêu: có dashboard hoặc alert RAM; không claim fix thành công nếu chưa có số"
"Kế hoạch tháng 8","Ưu tiên 3","Wikilisticle: onboard team sales và BD thực tế, vá lỗi vận hành","Kế hoạch","High","Tool chỉ có giá trị khi được dùng thật; cần ít nhất 2 tuần vận hành thật với team trước khi báo cáo kết quả","Ưu tiên fix edge case order status và notification trước khi onboard"
"Kế hoạch tháng 8","Ưu tiên 4","Tiếp tục Authority Building — mở rộng sang Coincu và các site còn thiếu batch","Kế hoạch","High","Duy trì velocity content production đã thiết lập trong tháng 7; đưa Coincu vào pipeline batch bài chuẩn","Mục tiêu: ít nhất 2 batch bài mới cho Coincu trong tháng 8"
"Kế hoạch tháng 8","Ưu tiên 5","CryptoWiki: build frontend và chốt cutover plan","Kế hoạch","Medium","Backend và design spec đã có; tháng 8 cần frontend và domain deployment","Không để thêm một tháng nữa dự án vẫn chỉ là staging"
"Quyết định quản lý","Đề xuất cho CEO","Coincu rebuild là dự án chiến lược cần được bảo vệ khỏi bị crowded out bởi các task ngắn hạn khác; đề xuất giữ dedicated capacity cho Phase 2 trong tháng 8","Mở","-","Tháng 7 chứng minh team có thể vừa chạy content production vừa xây dự án nền; tháng 8 cần giữ nhịp đó nhưng tránh để Coincu rebuild trở thành nhánh mở không có deadline rõ","Phase 2 Coincu rebuild (API layer + coin/news routes live) nên là milestone chốt cứng trước cuối tháng 8; kết hợp với validation loop cho RAM fix và Wikilisticle onboarding"